Swim Platform Pads,,,,,Swim Platform Pads,,
Baja,5mm Non Faux Teak,6mm Non faux Teak,6mm Faux Teak,5mm Non-Faux Teak Price,6mm Non-Faux Teak Price,6mm Faux Teak Price,
Baja 24,22733,22734,22735,$159.95,$159.95,$199.94,
Baja 272,22736,22737,22738,$159.95,$159.95,$199.94,
Baja 302,22739,22740,22741,$255.95,$255.95,$319.94,
Baja 38 Special 2002,22742,22743,22744,$159.95,$159.95,$199.94,
Baja Hammer 1999,22745,22746,22747,$159.95,$159.95,$199.94,
Baja Islander 2007,22748,22749,22750,$255.95,$255.95,$319.94,
Baja Islander 202,22751,22752,22753,$159.95,$159.95,$199.94,
Baja Islander 240,22754,22755,22756,$159.95,$159.95,$199.94,
Bayliner,,,,,,,
Bayliner 205 BR,22758,22758,22759,$511.95,$511.95,$639.94,
Bayliner 23 Classic,22761,22761,22762,$511.95,$511.95,$639.94,
Bayliner 246,22764,22764,22765,$511.95,$511.95,$639.94,
Bayliner Avanti 3255,22767,22767,22768,$511.95,$511.95,$639.94,
Bayliner Capri 1850 LX,22770,22770,22771,$159.95,$159.95,$199.94,
Bluewater,,,,,,,
Bluewater Escape,22772,22773,22774,$255.95,$255.95,$319.94,
Calabria,,,,,,,
Calabria,22775,22776,22777,$255.95,$255.95,$319.94,
Calabria V2,22778,22779,22780,$255.95,$255.95,$319.94,
Caravelle,,,,,,,
Caravelle,22781,22782,22783,$255.95,$255.95,$319.94,
Caravelle,,,,,,,
Celebrity 240,22785,22786,22787,$159.95,$159.95,$199.94,
Centurion ,,,,,,,
Centurion SP,22789,22790,22791,$255.95,$255.95,$319.94,
Centurion SV 230,22792,22793,22794,$255.95,$255.95,$319.94,
Centurion Trojan 400 Express,22795,22796,22797,$639.95,$639.95,$799.94,
Centurion Wave,22798,22799,22800,$670.00,$670.00,$837.50,
Elite V - 1998,22804,22805,22806,$255.95,$255.95,$319.94,
Falcon V,22801,22802,22803,$255.95,$255.95,$319.94,
Tsunami,22807,22808,22809,$255.95,$255.95,$319.94,
Chaparral,,,,,,,
Chaparral 180 SSI SPP 2005,22810,22811,22812,$255.95,$255.95,$319.94,
Chaparral 186 SSI & 190SSI,22828,22832,22833,$255.95,$255.95,$319.94,
Chaparral 196 SSI & 200 SSI,22837,22838,22839,$255.95,$255.95,$319.94,
Chaparral 200 SSI & 204 SSI,22840,22841,22842,$255.95,$255.95,$319.94,
"Chaparral 204SSI, 200 SSI & 204 SSI",22846,22847,22848,$255.95,$255.95,$319.94,
Chaparral 210 SSI,22822,22823,22824,$255.95,$255.95,$319.94,
Chaparral 220 SSI,22825,22826,22827,$511.95,$511.95,$639.94,
"Chaparral 220 SSI, 230 SSI, 235 SSI & 246 SSI",22849,22850,22851,$255.95,$255.95,$319.94,
Chaparral 230 SSI,22861,22862,22863,$511.95,$511.95,$639.94,
Chaparral 232 & 234 Sunesta,22864,22865,22866,$255.95,$255.95,$319.94,
Chaparral 236 SSI,22870,22871,22872,$255.95,$255.95,$319.94,
Chaparral 236 SSX,22873,22874,22875,$255.95,$255.95,$319.94,
Chaparral 240 Signature,22876,22877,22878,$382.50,$382.50,$478.13,
Chaparral 244,22879,22880,22881,$383.92,$383.92,$479.90,
Chaparral 246,22885,22886,22887,$255.95,$255.95,$319.94,
Chaparral 256 SSI,22888,22889,22890,$255.95,$255.95,$319.94,
Chaparral 270 & 276 Signature,22891,22892,22893,$511.95,$511.95,$639.94,
Chaparral 274 Sunesta,22897,22898,22899,$255.95,$255.95,$319.94,
Chaparral 28 SS,22900,22901,22902,$511.95,$511.95,$639.94,
Chaparral 280 SSI,22903,22904,22905,$511.95,$511.95,$639.94,
Chaparral 300 Signature,22906,22907,22908,$767.95,$767.95,$959.94,
Chaparral 310 Signature,22909,22910,22911,$511.95,$511.95,$639.94,
Chris Craft,,,,,,,
Chris Craft Crowne 32,22912,22913,22914,$511.95,$511.95,$639.94,
Chris Craft Crowne 33,22915,22916,22917,$511.95,$511.95,$639.94,
Chris Craft Scorpion 210,22918,22919,22920,$255.95,$255.95,$319.94,
Cobalt,,,,,,,
Cobalt 200,22921,22922,22923,$255.95,$255.95,$319.94,
"Cobalt 200/220 - 2004, 2005",22924,22925,22926,$255.95,$255.95,$319.94,
Cobalt 220,22930,22931,22932,$255.95,$255.95,$319.94,
Cobalt 220 - 1996,22933,22934,22935,$255.95,$255.95,$319.94,
Cobalt 232,22936,22937,22938,$255.95,$255.95,$319.94,
Cobalt 232 - 2008,22939,22941,22942,$383.95,$383.95,$479.94,
Cobalt 233,22943,22944,22945,$255.95,$255.95,$319.94,
Cobalt 240,22946,22947,22948,$511.95,$511.95,$639.94,
Cobalt 246,22949,22950,22951,$255.95,$255.95,$319.94,
Cobalt 25 LS,22952,22953,22954,$255.95,$255.95,$319.94,
Cobalt 25 LS ESP,22955,22956,22957,$511.95,$511.95,$639.94,
Cobalt 250 BR,22958,22959,22960,$511.95,$511.95,$639.94,
Cobalt 252,22961,22962,22963,$255.95,$255.95,$319.94,
Cobalt 262,22964,22965,22966,$255.95,$255.95,$319.94,
Cobalt 292,22967,22968,22969,$511.95,$511.95,$639.94,
Cobalt 293,22970,22971,22972,$255.95,$255.95,$319.94,
Crownline,,,,,,,
Crownline 216 Razor,22973,22974,22975,$255.95,$255.95,$319.94,
Crownline 23 SS LPX,22976,22977,22978,$255.95,$255.95,$319.94,
Crownline 230 EX,22979,22980,22981,$255.95,$255.95,$319.94,
Crownline 230 LS,22982,22983,22984,$255.95,$255.95,$319.94,
Crownline 235 CCR,22985,22986,22987,$511.95,$511.95,$639.94,
"Crownline Add-on Platform 225LPX, 260 EX, 220EX, 240LS",22988,22989,22990,$255.95,$255.95,$319.94,
"Crownline Integrated Platform 225, 260 EX, 220EX, 240LS",23000,23001,23002,$159.95,$159.95,$199.94,
Cruisers Yachts,,,,,,,
Cruisers Yachts Aria 3120,23010,23011,23012,$255.95,$255.95,$319.94,
,,,,,,,
Donzi 35 ZR,23013,23014,23015,$159.95,$159.95,$199.94,
Donzi ZX 33,23016,23017,23018,$255.95,$255.95,$319.94,
Ebbtide,,,,,,,
Ebbtide Campione 210,23020,23021,23022,$639.95,$639.95,$799.94,
Four Winns,,,,,,,
Four Winns 268 Vista Cruiser,23023,23024,23025,$255.95,$255.95,$319.94,
Four Winns 274,23026,23027,23028,$511.95,$511.95,$639.94,
Four Winns 298 Vista,23029,23030,23031,$511.95,$511.95,$639.94,
Four Winns 298 Vista - Swim Platform & Cockpit,23032,23033,23034,"$1,151.95","$1,151.95","$1,439.94",
Four Winns 328 Vista,23035,23036,23037,$767.00,$767.00,$958.75,
Four Winns H200,23038,23039,23040,$255.95,$255.95,$319.94,
Four Winns H220,23041,23042,23043,$511.95,$511.95,$639.94,
Four Winns H260,23044,23045,23046,$511.95,$511.95,$639.94,
Four Winns Horizon 200,23047,23048,23049,$255.95,$255.95,$319.94,
Four Winns Horizon 200 - 2005,23050,23051,23052,$511.95,$511.95,$639.94,
Four Winns Horizon 200 SS,23053,23054,23055,$255.95,$255.95,$319.94,
Gekko,,,,,,,
Gekko 3 Piece,23056,23057,23058,$255.95,$255.95,$319.94,
Gekko Bazooka,23059,23060,23061,$767.95,$767.95,$959.94,
Hunter,,,,,,,
Hunter,23062,23063,23064,$255.95,$255.95,$319.94,
Larson,,,,,,,
Larson 228 LXI,23066,23067,23068,$255.95,$255.95,$319.94,
Larson Cabrio - 1991,23069,23070,23071,$255.95,$255.95,$319.94,
Larson Cabrio 290 2005,23072,23073,23074,$511.95,$511.95,$639.94,
Larson Cabrio 350,23075,23076,23077,$767.95,$767.95,$959.94,
Malibu,,,,,,,
Malibu 21 VLX- 2014,23126,23127,23128,$255.95,$255.95,$319.94,
Malibu 22 MXE - 2013,23141,23142,23143,$255.95,$255.95,$319.94,
Malibu 22 MXZ - 2014,23123,23124,23125,$255.95,$255.95,$319.94,
Malibu 23 LSV,23087,23088,23089,$255.95,$255.95,$319.94,
Malibu 23 LSV - 2005,23129,23130,23131,$255.95,$255.95,$319.94,
Malibu 247 LSV - 2014,23138,23139,23140,$255.95,$255.95,$319.94,
Malibu Axis,23078,23079,23080,$255.95,$255.95,$319.94,
Malibu Corvette,23081,23082,23083,$255.95,$255.95,$319.94,
Malibu MSP1,23084,23085,23086,$255.95,$255.95,$319.94,
Malibu MSP1 With Hatch Cut Out,23090,23091,23092,$255.95,$255.95,$319.94,
Malibu MSP2,22624,23097,23098,$255.95,$255.95,$319.94,
Malibu MSP2 With Hatch Cut Out,23099,23100,23101,$255.95,$255.95,$319.94,
Malibu MSP4,23102,23103,23104,$255.95,$255.95,$319.94,
Malibu MSP4 With Hatch Cut Out,23105,23106,23107,$255.95,$255.95,$319.94,
Malibu MSP5,23108,23109,23110,$255.95,$255.95,$319.94,
Malibu MSP5 With Hatch Cut Out,23111,23112,23113,$255.95,$255.95,$319.94,
Malibu Response LXI - 2004,23117,23118,23119,$255.95,$255.95,$319.94,
Malibu Sunscape LSV 2005,23151,23152,23153,$255.95,$255.95,$319.94,
Malibu Sunsetter LXI,23147,23148,23149,$255.95,$255.95,$319.94,
Malibu Tantrum - 1996,23144,23145,23146,$255.95,$255.95,$319.94,
Malibu Wakesetter- 2006,23132,23133,23134,$255.95,$255.95,$319.94,
Malibu Wakesetter VLX,23135,23136,23137,$255.95,$255.95,$319.94,
Mastercraft,,,,,,,
MasterCraft 190,23154,23155,23156,$255.95,$255.95,$319.94,
MasterCraft 190 Pro Star - 1994,23210,23211,23212,$255.95,$255.95,$319.94,
MasterCraft 197 Prostar,23157,23158,23159,$255.95,$255.95,$319.94,
MasterCraft 205,23160,23161,23162,$255.95,$255.95,$319.94,
MasterCraft 214,23163,23164,23165,$255.95,$255.95,$319.94,
MasterCraft 225 VRS,23166,23167,23168,$255.95,$255.95,$319.94,
"MasterCraft 245, X30 & X2",23169,23171,23172,$255.95,$255.95,$319.94,
MasterCraft 255,23173,23174,23175,$255.95,$255.95,$319.94,
MasterCraft 280 STS 2005,23233,23234,23235,$255.95,$255.95,$319.94,
MasterCraft Mari Star Sport,23176,23177,23178,$255.95,$255.95,$319.94,
MasterCraft Mari Star VRS 200 -1995,23180,23181,23182,$255.95,$255.95,$319.94,
MasterCraft X-1 2008,23219,23222,23223,$255.95,$255.95,$319.94,
MasterCraft X-2 2008,23216,23217,23218,$255.95,$255.95,$319.94,
MasterCraft X-25 2011,23224,23225,23226,$255.95,$255.95,$319.94,
MasterCraft X-30,23183,23184,23185,$255.95,$255.95,$319.94,
MasterCraft X-35 - 2008,23213,23214,23215,$255.95,$255.95,$319.94,
MasterCraft X-45 2006,23207,23208,23209,$255.95,$255.95,$319.94,
MasterCraft X-45 2007,23186,23187,23188,$255.95,$255.95,$319.94,
MasterCraft X-46 2014,23201,23202,23203,$255.95,$255.95,$319.94,
MasterCraft X-STAR,23189,23190,23191,$255.95,$255.95,$319.94,
MasterCraft X-STAR 2000,23192,23193,23194,$255.95,$255.95,$319.94,
MasterCraft X-Star 2004,23230,23231,23232,$255.95,$255.95,$319.94,
MasterCraft X-STAR 2005-2006,23195,23196,23197,$255.95,$255.95,$319.94,
MasterCraft X-STAR 2007,23198,23199,23200,$255.95,$255.95,$319.94,
MasterCraft X-Star 2008,23227,23228,23229,$255.95,$255.95,$319.94,
MasterCraft X-Star 2014,23204,23205,23206,$255.95,$255.95,$319.94,
MasterCraftX-14 2007,23236,23237,23238,$255.95,$255.95,$319.94,
MB Sports,,,,,,,
MB Sports,23239,23240,23241,$255.95,$255.95,$319.94,
MB Sports F23 Tom Cat,23242,23243,23244,$255.95,$255.95,$319.94,
Moomba,,,,,,,
Moomba - 1pc - 66 3/8 x 24 5/16,23245,23246,23247,$255.95,$255.95,$319.94,
Moomba - 1pc - 68 5/8 x 25,23248,23149,23150,$255.95,$255.95,$319.94,
Moomba - 1pc - 69 3/16 x 25 9/16,23251,23252,23253,$255.95,$255.95,$319.94,
Moomba - 3pc,23254,23255,23256,$255.95,$255.95,$319.94,
Moomba LSV,23266,23267,23268,$255.95,$255.95,$319.94,
Moomba Mobius LSV - 1pc - 69 3/16 x 23 1/8,23257,23258,23259,$255.95,$255.95,$319.94,
Moomba Mojo -2013,23263,23264,23265,$255.95,$255.95,$319.94,
Moomba Outback 2001,23260,23261,23262,$255.95,$255.95,$319.94,
Pure Sport,,,,,,,
Pure Sport,23269,23270,23271,$255.95,$255.95,$319.94,
Regal,,,,,,,
Regal 2200 Bowrider,23272,23273,23274,$255.95,$255.95,$319.94,
Regal 2465 Commodore,23275,23276,23277,$255.95,$255.95,$319.94,
Regal 2900 LSR,23278,23279,23280,$511.95,$511.95,$639.94,
Reinell,,,,,,,
Reinell 180,23281,23282,23283,$255.95,$255.95,$319.94,
Reinell 205,23284,23285,23286,$255.95,$255.95,$319.94,
Reinell 246 LSE,23287,23288,23289,$255.95,$255.95,$319.94,
Rinker,,,,,,,
Rinker 232 2000-2002,23290,23291,23292,$255.95,$255.95,$319.94,
Rinker 248 2009,23293,23295,23296,$255.95,$255.95,$319.94,
Rinker 250 Fiesta Vee,23297,23298,23299,$511.95,$511.95,$639.94,
Rinker 250 Fiesta Vee 2004,23300,23301,23302,$511.95,$511.95,$639.94,
Rinker Captiva 212 R1,23303,23304,23305,$767.95,$767.95,$959.94,
Rinker Captiva 226 BR,23306,23307,23308,$511.95,$511.95,$639.94,
Rinker Captiva 232 1997,23309,23310,23311,$255.95,$255.95,$319.94,
Rinker Captiva 232 2005,23312,23313,23314,$255.95,$255.95,$319.94,
Rinker Captiva 246 Bowrider,23315,23316,23317,$383.95,$383.95,$479.94,
Rinker F34 Fiesta Vee,23318,23319,23320,$511.95,$511.95,$639.94,
Sea Ray,,,,,,,
Sea Ray 185,23321,23322,23323,$255.95,$255.95,$319.94,
Sea Ray 185 Sport 2008 - 2010,23324,23325,23326,$255.95,$255.95,$319.94,
Sea Ray 190 Signature,23327,23328,23329,$255.95,$255.95,$319.94,
Sea Ray 200 SD,23330,23331,,23332,$502.95,$502.95,$628.69
Sea Ray 200/220 Select,23333,23334,23335,$255.95,$255.95,$319.94,
Sea Ray 22 Sundeck,23336,23337,23338,$255.95,$255.95,$319.94,
Sea Ray 225 Weekender,23339,23341,23342,$335.95,$335.95,$419.94,
Sea Ray 230 BR,23343,23344,23345,$383.95,$383.95,$479.94,
Sea Ray 240 DA Sundancer 2006,23355,23356,23357,$383.95,$383.95,$479.94,
Sea Ray 240 SP 2005,23346,23347,23348,$511.95,$511.95,$639.94,
Sea Ray 240 Sundeck 1997,23349,23350,23351,$255.95,$255.95,$319.94,
Sea Ray 240 Sundeck 2006,23352,23353,23354,$511.95,$511.95,$639.94,
Sea Ray 260 Sundancer,23358,23359,23360,$255.95,$255.95,$319.94,
Sea Ray 270 SLX,23364,23365,23366,$383.95,$383.95,$479.94,
Sea Ray 270 Weekender,23361,23362,23363,$255.95,$255.95,$319.94,
Sea Ray 280 Sundancer,23367,23368,23369,$255.95,$255.95,$319.94,
Sea Ray 310 Sundancer,23370,23371,23372,$511.95,$511.95,$639.94,
Sea Ray 320,23373,23374,23375,$511.95,$511.95,$639.94,
Sea Ray 330 SD 1998,23376,23377,23378,$511.95,$511.95,$639.94,
Sea Ray 330 Sundancer 1997,23379,23380,23381,$511.95,$511.95,$639.94,
Sea Ray 340 Sundancer,23382,23383,23384,$511.95,$511.95,$639.94,
Sea Ray 340 Sundancer - 2000,23385,23386,23387,$511.95,$511.95,$639.94,
Sea Ray 350 Sundancer - 2010,23388,23389,23390,$511.95,$511.95,$639.94,
Sea Ray 370 Sundancer,23391,23392,23393,"$1,023.95","$1,023.95","$1,279.94",
Sea Ray 380,23394,23395,23396,$767.95,$767.95,$959.94,
Sea Ray Express Bridge,23397,23398,23399,$383.95,$383.95,$479.94,
Sea Ray Ski Ray,23400,23401,23402,$255.95,$255.95,$319.94,
SeaDoo,,,,,,,
SeaDoo Challenger 180,23403,23404,23405,$255.95,$255.95,$319.94,
Ski Supreme,,,,,,,
Ski Supreme,23406,23407,23408,$255.95,$255.95,$319.94,
Starcraft,,,,,,,
Starcraft 2210,23409,23410,23411,$255.95,$255.95,$319.94,
Starcraft Nextstar 2010,23412,23413,23414,$255.95,$255.95,$319.94,
Stingray,,,,,,,
Stingray 205 LR,23415,23416,23417,$255.95,$255.95,$319.94,
Stingray 250 LR,23418,23419,23420,$511.95,$511.95,$639.94,
Stingray 275 SLR,23421,23422,23423,$639.95,$639.95,$799.94,
Sugarsand,,,,,,,
Sugar Sand SSD,23424,23425,23426,$255.95,$255.95,$319.94,
Supra,,,,,,,
Supra 22 SSV,23427,23428,23429,$255.95,$255.95,$319.94,
Supra 24 SSV,23430,23431,23432,$255.95,$255.95,$319.94,
Supra Comp,23433,23434,23435,$255.95,$255.95,$319.94,
Supra Early Model,23436,23437,23438,$255.95,$255.95,$319.94,
Supra Gravity,23439,23443,23444,$255.95,$255.95,$319.94,
Supra Launch 24 SSV,23445,23446,23447,$255.95,$255.95,$319.94,
Supra Legacy,23448,23449,23450,$255.95,$255.95,$319.94,
Supra LSSV,23451,23452,23453,$255.95,$255.95,$319.94,
Supra Sunsport,23457,23458,23459,$255.95,$255.95,$319.94,
Tahoe,,,,,,,
Tahoe Q4,23460,23464,23465,$255.95,$255.95,$319.94,
Tahoe Q6,23466,23467,23468,$255.95,$255.95,$319.94,
Tahoe Q7i,23469,23470,23471,$255.95,$255.95,$319.94,
Tige,,,,,,,
Tige 21V,23472,23473,23474,$255.95,$255.95,$319.94,
Tige 22 VE,23475,23476,23477,$255.95,$255.95,$319.94,
Tige 221,23487,23488,23489,$255.95,$255.95,$319.94,
Tige Pre 2001,23478,23479,23480,$255.95,$255.95,$319.94,
Tige RZ 2pc,23481,23482,23483,$255.95,$255.95,$319.94,
Tige RZ2,23496,23497,23498,$255.95,$255.95,$319.94,
Tige Z1,23490,23491,23492,$255.95,$255.95,$319.94,
Tige Z3,23499,23500,23501,$255.95,$255.95,$319.94,
VIP,,,,,,,
VIP Vantage,23502,23503,23504,$255.95,$255.95,$319.94,
Wellcraft,,,,,,,
Wellcraft Excalibur 26,23505,23506,23507,$159.95,$159.95,$199.94,
Yamaha,,,,,,,
Yamaha 242,23508,23509,23510,$255.95,$255.95,$319.94,
Yamaha AR210 & 212X,23511,23512,23513,$511.95,$511.95,$639.94,
Yamaha LS 2000,23514,23515,23516,$255.95,$255.95,$319.94,
Yamaha SX230 - 2006 & Earlier,23517,23518,23519,$511.95,$511.95,$639.94,
"Yamaha SX230, SR230, AR230 - 2007",23520,23521,23522,$255.95,$255.95,$319.94,
